STATEFP,COUNTYFP,TRACTCE,BLKGRPCE,AFFGEOID,GEOID,NAME,LSAD,ALAND,AWATER
16,083,000200,1,1500000US160830002001,160830002001,1,BG,2899087,0
16,003,950200,2,1500000US160039502002,160039502002,2,BG,892284477,2059882
16,001,010225,2,1500000US160010102252,160010102252,2,BG,2230559,36483
16,065,950302,4,1500000US160659503024,160659503024,4,BG,435060,0
16,083,001100,2,1500000US160830011002,160830011002,2,BG,544800,0
16,037,960200,4,1500000US160379602004,160379602004,4,BG,2960765800,7834604
16,087,970100,2,1500000US160879701002,160879701002,2,BG,1432709324,16409484
16,005,001601,2,1500000US160050016012,160050016012,2,BG,761266,6808
16,055,000500,3,1500000US160550005003,160550005003,3,BG,1659704,0
16,083,000600,3,1500000US160830006003,160830006003,3,BG,20045077,86752
16,001,002313,2,1500000US160010023132,160010023132,2,BG,1345283,1378
16,069,960700,5,1500000US160699607005,160699607005,5,BG,493819,0
16,055,001900,1,1500000US160550019001,160550019001,1,BG,1152229264,21394542
16,001,000900,2,1500000US160010009002,160010009002,2,BG,331702,0
16,079,960200,7,1500000US160799602007,160799602007,7,BG,1812375020,3699985
16,057,005600,1,1500000US160570056001,160570056001,1,BG,545165320,461747
16,027,020402,3,1500000US160270204023,160270204023,3,BG,375730,0
16,065,950302,2,1500000US160659503022,160659503022,2,BG,3904453,0
16,083,000200,2,1500000US160830002002,160830002002,2,BG,1308110,0
16,083,000400,3,1500000US160830004003,160830004003,3,BG,408810,0
16,001,001500,2,1500000US160010015002,160010015002,2,BG,650214,4256
16,017,950600,3,1500000US160179506003,160179506003,3,BG,451460114,292934
16,001,001400,2,1500000US160010014002,160010014002,2,BG,657642,1124
16,039,960400,2,1500000US160399604002,160399604002,2,BG,785165850,11407842
16,011,950400,3,1500000US160119504003,160119504003,3,BG,336736,0
16,053,970400,3,1500000US160539704003,160539704003,3,BG,1565890,0
16,001,000500,4,1500000US160010005004,160010005004,4,BG,638036,361
16,013,960200,4,1500000US160139602004,160139602004,4,BG,699378,0
16,027,020602,4,1500000US160270206024,160270206024,4,BG,754017,16561
16,001,002411,1,1500000US160010024111,160010024111,1,BG,783669,7005
16,001,001700,2,1500000US160010017002,160010017002,2,BG,455468,0
16,045,960100,1,1500000US160459601001,160459601001,1,BG,1172118661,7098177
16,055,001100,1,1500000US160550011001,160550011001,1,BG,5011709,0
16,027,020401,4,1500000US160270204014,160270204014,4,BG,5306653,53872
16,011,950300,4,1500000US160119503004,160119503004,4,BG,1286164,0
16,073,950200,4,1500000US160739502004,160739502004,4,BG,6400068751,30880832
16,083,000700,4,1500000US160830007004,160830007004,4,BG,815324,0
16,001,000600,5,1500000US160010006005,160010006005,5,BG,307950,0
16,049,960100,2,1500000US160499601002,160499601002,2,BG,8444228868,15994589
16,001,002221,1,1500000US160010022211,160010022211,1,BG,2647039,2030
16,055,000500,1,1500000US160550005001,160550005001,1,BG,10370533,0
16,017,950400,6,1500000US160179504006,160179504006,6,BG,783273,1187899
16,051,960300,3,1500000US160519603003,160519603003,3,BG,34636216,164291
16,013,960100,3,1500000US160139601003,160139601003,3,BG,484866115,2479743
16,001,010322,1,1500000US160010103221,160010103221,1,BG,1309475,0
16,055,000900,1,1500000US160550009001,160550009001,1,BG,1495461,0
16,001,010401,4,1500000US160010104014,160010104014,4,BG,2493901,32324
16,001,002410,4,1500000US160010024104,160010024104,4,BG,1248344,2456
16,001,002222,1,1500000US160010022221,160010022221,1,BG,5246358,5447
16,083,000800,5,1500000US160830008005,160830008005,5,BG,462023,0
16,019,970601,1,1500000US160199706011,160199706011,1,BG,988633,28559
16,013,960100,2,1500000US160139601002,160139601002,2,BG,611584345,11013255
16,005,000300,4,1500000US160050003004,160050003004,4,BG,1295590,0
16,055,001500,2,1500000US160550015002,160550015002,2,BG,388300,0
16,005,001300,3,1500000US160050013003,160050013003,3,BG,395860,0
16,041,970200,2,1500000US160419702002,160419702002,2,BG,1175862,0
16,019,971100,3,1500000US160199711003,160199711003,3,BG,236295,0
16,059,970300,2,1500000US160599703002,160599703002,2,BG,338214016,1140007
16,015,950200,3,1500000US160159502003,160159502003,3,BG,905609349,360097
16,083,001200,4,1500000US160830012004,160830012004,4,BG,2744892,31857
16,079,960200,6,1500000US160799602006,160799602006,6,BG,4222496151,8681125
16,083,000400,1,1500000US160830004001,160830004001,1,BG,5752771,1149
16,085,970200,1,1500000US160859702001,160859702001,1,BG,663479414,12527037
16,083,000200,3,1500000US160830002003,160830002003,3,BG,976624,0
16,087,970100,1,1500000US160879701001,160879701001,1,BG,989377240,10852012
16,087,970300,4,1500000US160879703004,160879703004,4,BG,750856,115061
16,083,000400,2,1500000US160830004002,160830004002,2,BG,3407923,0
16,083,000400,4,1500000US160830004004,160830004004,4,BG,1104948,0
16,083,000700,3,1500000US160830007003,160830007003,3,BG,994558,2838
16,083,001200,2,1500000US160830012002,160830012002,2,BG,1609583,13561
16,035,970100,2,1500000US160359701002,160359701002,2,BG,1098618564,15900447
16,055,000700,1,1500000US160550007001,160550007001,1,BG,29087734,0
16,055,001800,1,1500000US160550018001,160550018001,1,BG,2141079,131577
16,055,001300,1,1500000US160550013001,160550013001,1,BG,1240144,0
16,055,001500,3,1500000US160550015003,160550015003,3,BG,587592,0
16,059,970300,3,1500000US160599703003,160599703003,3,BG,1604317951,3372464
16,055,001900,2,1500000US160550019002,160550019002,2,BG,163441796,66008796
16,071,960100,3,1500000US160719601003,160719601003,3,BG,2101452,0
16,075,960100,3,1500000US160759601003,160759601003,3,BG,15660247,402577
16,075,960100,5,1500000US160759601005,160759601005,5,BG,6836361,1439
16,039,960100,1,1500000US160399601001,160399601001,1,BG,3376444631,32864376
16,039,960200,1,1500000US160399602001,160399602001,1,BG,1280769250,7209847
16,039,960200,3,1500000US160399602003,160399602003,3,BG,1393412,0
16,039,960300,2,1500000US160399603002,160399603002,2,BG,1032468,0
16,067,970200,4,1500000US160679702004,160679702004,4,BG,22810858,1110637
16,067,970400,2,1500000US160679704002,160679704002,2,BG,2492302,289
16,067,970500,2,1500000US160679705002,160679705002,2,BG,5436821,19770
16,067,970500,3,1500000US160679705003,160679705003,3,BG,410296,0
16,043,970100,1,1500000US160439701001,160439701001,1,BG,3639971466,69624807
16,051,960300,4,1500000US160519603004,160519603004,4,BG,7754888,18083
16,031,950400,4,1500000US160319504004,160319504004,4,BG,3076909,333673
16,031,950400,3,1500000US160319504003,160319504003,3,BG,941358,0
16,037,960200,1,1500000US160379602001,160379602001,1,BG,4808495073,27559308
16,041,970100,1,1500000US160419701001,160419701001,1,BG,713905132,4031521
16,053,970200,1,1500000US160539702001,160539702001,1,BG,1080877,0
16,053,970400,1,1500000US160539704001,160539704001,1,BG,447800,0
16,007,950100,2,1500000US160079501002,160079501002,2,BG,718037,0
16,019,971302,4,1500000US160199713024,160199713024,4,BG,2516276,0
16,019,970602,3,1500000US160199706023,160199706023,3,BG,379237,0
16,019,971400,2,1500000US160199714002,160199714002,2,BG,25094509,636766
16,019,970800,4,1500000US160199708004,160199708004,4,BG,429203,8824
16,019,971000,3,1500000US160199710003,160199710003,3,BG,313545,0
16,019,971301,3,1500000US160199713013,160199713013,3,BG,502083,0
16,019,970300,4,1500000US160199703004,160199703004,4,BG,52545804,175718
16,019,970601,3,1500000US160199706013,160199706013,3,BG,428622,10419
16,019,971301,4,1500000US160199713014,160199713014,4,BG,578746,0
16,001,002221,2,1500000US160010022212,160010022212,2,BG,2607113,4393
16,001,000803,3,1500000US160010008033,160010008033,3,BG,510562,0
16,001,002310,2,1500000US160010023102,160010023102,2,BG,2623693,4742
16,001,002310,1,1500000US160010023101,160010023101,1,BG,1323766,18177
16,001,010332,2,1500000US160010103322,160010103322,2,BG,717737,0
16,001,000100,3,1500000US160010001003,160010001003,3,BG,2081246,87285
16,001,000400,1,1500000US160010004001,160010004001,1,BG,586275,180
16,001,000400,5,1500000US160010004005,160010004005,5,BG,950264,9031
16,001,000600,3,1500000US160010006003,160010006003,3,BG,266116,0
16,001,000600,2,1500000US160010006002,160010006002,2,BG,475039,0
16,001,000802,4,1500000US160010008024,160010008024,4,BG,1171767,7706
16,001,001000,2,1500000US160010010002,160010010002,2,BG,930934,561
16,001,001400,3,1500000US160010014003,160010014003,3,BG,669156,0
16,001,001600,3,1500000US160010016003,160010016003,3,BG,330603,0
16,065,950301,2,1500000US160659503012,160659503012,2,BG,318718,0
16,065,950301,5,1500000US160659503015,160659503015,5,BG,160375,0
16,065,950400,3,1500000US160659504003,160659504003,3,BG,400616,0
16,001,001900,2,1500000US160010019002,160010019002,2,BG,487923,0
16,001,002000,2,1500000US160010020002,160010020002,2,BG,1654183,208
16,001,002410,3,1500000US160010024103,160010024103,3,BG,798968,240
16,001,010322,3,1500000US160010103223,160010103223,3,BG,1984226,138
16,001,010221,2,1500000US160010102212,160010102212,2,BG,2482622,2579
16,045,960300,1,1500000US160459603001,160459603001,1,BG,2529111,230281
16,045,960300,3,1500000US160459603003,160459603003,3,BG,659819,0
16,085,970300,2,1500000US160859703002,160859703002,2,BG,1213095996,19960051
16,057,005200,2,1500000US160570052002,160570052002,2,BG,555327,0
16,057,005200,4,1500000US160570052004,160570052004,4,BG,507100,0
16,057,005300,5,1500000US160570053005,160570053005,5,BG,4897189,1105
16,057,005100,3,1500000US160570051003,160570051003,3,BG,314201,0
16,057,005400,4,1500000US160570054004,160570054004,4,BG,231408,0
16,057,005500,1,1500000US160570055001,160570055001,1,BG,570600416,257560
16,055,000100,3,1500000US160550001003,160550001003,3,BG,37288055,0
16,055,001001,3,1500000US160550010013,160550010013,3,BG,2069371,0
16,003,950200,1,1500000US160039502001,160039502001,1,BG,1625162309,9208520
16,083,001000,1,1500000US160830010001,160830010001,1,BG,6142781,20185
16,027,020501,2,1500000US160270205012,160270205012,2,BG,1288798,0
16,027,020504,2,1500000US160270205042,160270205042,2,BG,1215339,0
16,027,021903,3,1500000US160270219033,160270219033,3,BG,42570870,79655
16,027,020401,3,1500000US160270204013,160270204013,3,BG,855088,709
16,085,970100,1,1500000US160859701001,160859701001,1,BG,452280000,56258424
16,005,000300,3,1500000US160050003003,160050003003,3,BG,2274171,0
16,005,000300,1,1500000US160050003001,160050003001,1,BG,6469150,34128
16,005,001500,4,1500000US160050015004,160050015004,4,BG,446435,0
16,005,001500,2,1500000US160050015002,160050015002,2,BG,1306575,0
16,005,001400,4,1500000US160050014004,160050014004,4,BG,461404,0
16,005,001101,2,1500000US160050011012,160050011012,2,BG,1685911,3602
16,005,001300,1,1500000US160050013001,160050013001,1,BG,404156,0
16,001,001400,4,1500000US160010014004,160010014004,4,BG,665014,104
16,001,010334,1,1500000US160010103341,160010103341,1,BG,8692535,13533
16,001,000202,4,1500000US160010002024,160010002024,4,BG,624602,1624
16,001,002310,4,1500000US160010023104,160010023104,4,BG,887854,1990
16,005,001700,2,1500000US160050017002,160050017002,2,BG,1449758,47061
16,001,010335,2,1500000US160010103352,160010103352,2,BG,1136353,654
16,001,002223,1,1500000US160010022231,160010022231,1,BG,3919356,6021
16,027,021200,1,1500000US160270212001,160270212001,1,BG,1811123,14560
16,027,021500,4,1500000US160270215004,160270215004,4,BG,345803,0
16,027,021500,1,1500000US160270215001,160270215001,1,BG,642901,0
16,027,020402,5,1500000US160270204025,160270204025,5,BG,1307707,0
16,027,020300,3,1500000US160270203003,160270203003,3,BG,298624,0
16,027,020300,1,1500000US160270203001,160270203001,1,BG,413519,0
16,027,020402,2,1500000US160270204022,160270204022,2,BG,373100,0
16,073,950200,1,1500000US160739502001,160739502001,1,BG,5171106519,12849597
16,015,950200,1,1500000US160159502001,160159502001,1,BG,2530933568,8574840
16,015,950200,2,1500000US160159502002,160159502002,2,BG,989943706,2512296
16,015,950200,4,1500000US160159502004,160159502004,4,BG,492519142,7846538
16,029,960100,5,1500000US160299601005,160299601005,5,BG,1012649083,6484423
16,077,960200,3,1500000US160779602003,160779602003,3,BG,1737965,0
16,011,950500,3,1500000US160119505003,160119505003,3,BG,1535176,0
16,011,950400,5,1500000US160119504005,160119504005,5,BG,1430547,0
16,011,950500,2,1500000US160119505002,160119505002,2,BG,2467645,79759
16,011,950100,3,1500000US160119501003,160119501003,3,BG,28714418,1584904
16,049,940000,5,1500000US160499400005,160499400005,5,BG,363101562,82513
16,061,940001,2,1500000US160619400012,160619400012,2,BG,1632915,62829
16,069,960400,1,1500000US160699604001,160699604001,1,BG,406588,0
16,069,960800,1,1500000US160699608001,160699608001,1,BG,1067893,0
16,069,961000,3,1500000US160699610003,160699610003,3,BG,1304179,0
16,069,960400,3,1500000US160699604003,160699604003,3,BG,622493,0
16,069,961000,2,1500000US160699610002,160699610002,2,BG,1069630,0
16,069,960900,3,1500000US160699609003,160699609003,3,BG,657523,0
16,013,960300,1,1500000US160139603001,160139603001,1,BG,451239883,215927
16,049,960200,4,1500000US160499602004,160499602004,4,BG,490526816,945026
16,057,005100,5,1500000US160570051005,160570051005,5,BG,300545,0
16,017,950200,2,1500000US160179502002,160179502002,2,BG,214750372,60388
16,001,001700,4,1500000US160010017004,160010017004,4,BG,559659,0
16,001,000304,3,1500000US160010003043,160010003043,3,BG,1054535,1350
16,053,970300,4,1500000US160539703004,160539703004,4,BG,6500658,5090
16,019,970300,2,1500000US160199703002,160199703002,2,BG,18453476,1344
16,001,001800,3,1500000US160010018003,160010018003,3,BG,1064049,0
16,037,960200,3,1500000US160379602003,160379602003,3,BG,3096024898,4041571
16,073,950101,2,1500000US160739501012,160739501012,2,BG,4278607,171575
16,027,020501,1,1500000US160270205011,160270205011,1,BG,1325282,0
16,001,002302,2,1500000US160010023022,160010023022,2,BG,3325714,5555
16,055,000900,4,1500000US160550009004,160550009004,4,BG,1923043,0
16,001,000100,1,1500000US160010001001,160010001001,1,BG,704181,0
16,083,000900,1,1500000US160830009001,160830009001,1,BG,3577177,68885
16,005,001400,3,1500000US160050014003,160050014003,3,BG,602317,0
16,005,000700,2,1500000US160050007002,160050007002,2,BG,482573,0
16,053,970300,3,1500000US160539703003,160539703003,3,BG,506746,0
16,083,001300,2,1500000US160830013002,160830013002,2,BG,3891867,0
16,065,950200,3,1500000US160659502003,160659502003,3,BG,2750858,143228
16,019,970403,2,1500000US160199704032,160199704032,2,BG,1304982,0
16,069,960500,2,1500000US160699605002,160699605002,2,BG,1780187,0
16,001,002224,2,1500000US160010022242,160010022242,2,BG,2305756,1042
16,001,010225,3,1500000US160010102253,160010102253,3,BG,3117044,220853
16,001,002312,1,1500000US160010023121,160010023121,1,BG,1535712,2866
16,021,970200,1,1500000US160219702001,160219702001,1,BG,1790325178,9326258
16,005,001400,5,1500000US160050014005,160050014005,5,BG,974384,0
16,001,010501,1,1500000US160010105011,160010105011,1,BG,1022439108,4966139
16,027,021002,3,1500000US160270210023,160270210023,3,BG,1616462,0
16,055,000500,2,1500000US160550005002,160550005002,2,BG,2525528,0
16,069,961000,4,1500000US160699610004,160699610004,4,BG,3206752,0
16,055,000200,4,1500000US160550002004,160550002004,4,BG,67515455,0
16,083,000700,5,1500000US160830007005,160830007005,5,BG,450032,0
16,001,000600,1,1500000US160010006001,160010006001,1,BG,329573,34
16,001,002302,1,1500000US160010023021,160010023021,1,BG,660954,1319
16,079,960300,5,1500000US160799603005,160799603005,5,BG,5791036,46257
16,001,001000,4,1500000US160010010004,160010010004,4,BG,609990,1227
16,007,950200,2,1500000US160079502002,160079502002,2,BG,527018516,1709277
16,027,020200,3,1500000US160270202003,160270202003,3,BG,854913,0
16,045,960300,2,1500000US160459603002,160459603002,2,BG,920923,0
16,069,960600,4,1500000US160699606004,160699606004,4,BG,646200,0
16,085,970100,2,1500000US160859701002,160859701002,2,BG,6375178480,26684480
16,039,960500,1,1500000US160399605001,160399605001,1,BG,25667320,313076
16,001,010333,2,1500000US160010103332,160010103332,2,BG,2586000,1298
16,017,950400,3,1500000US160179504003,160179504003,3,BG,1161876,0
16,065,950301,3,1500000US160659503013,160659503013,3,BG,269637,0
16,085,970100,3,1500000US160859701003,160859701003,3,BG,524111693,42163923
16,019,970800,3,1500000US160199708003,160199708003,3,BG,356744,2823
16,065,950301,1,1500000US160659503011,160659503011,1,BG,107110,0
16,013,960100,1,1500000US160139601001,160139601001,1,BG,3170048757,22280271
16,031,950300,2,1500000US160319503002,160319503002,2,BG,10209693,0
16,055,001400,2,1500000US160550014002,160550014002,2,BG,1940347,3781967
16,069,960700,3,1500000US160699607003,160699607003,3,BG,454113,0
16,067,970100,2,1500000US160679701002,160679701002,2,BG,68835655,530527
16,005,001300,2,1500000US160050013002,160050013002,2,BG,476752,0
16,049,960300,2,1500000US160499603002,160499603002,2,BG,951818495,4132733
16,027,021700,3,1500000US160270217003,160270217003,3,BG,1720495,0
16,065,950302,1,1500000US160659503021,160659503021,1,BG,758944,0
16,001,010504,2,1500000US160010105042,160010105042,2,BG,2121470,1578
16,001,000804,3,1500000US160010008043,160010008043,3,BG,540045,10991
16,049,960200,5,1500000US160499602005,160499602005,5,BG,938912579,4521299
16,029,960200,1,1500000US160299602001,160299602001,1,BG,2490981495,73372492
16,055,000602,2,1500000US160550006022,160550006022,2,BG,2440513,184666
16,019,971302,1,1500000US160199713021,160199713021,1,BG,630338,0
16,057,005300,2,1500000US160570053002,160570053002,2,BG,495239,0
16,075,960100,4,1500000US160759601004,160759601004,4,BG,640894,0
16,049,960200,2,1500000US160499602002,160499602002,2,BG,1156340,429
16,083,000800,1,1500000US160830008001,160830008001,1,BG,655802,0
16,055,000601,1,1500000US160550006011,160550006011,1,BG,4194231,347603
16,023,970100,2,1500000US160239701002,160239701002,2,BG,715688257,874411
16,013,960200,1,1500000US160139602001,160139602001,1,BG,3255348,50877
16,025,970100,1,1500000US160259701001,160259701001,1,BG,2782922987,11535288
16,055,001400,1,1500000US160550014001,160550014001,1,BG,899613,0
16,027,021002,4,1500000US160270210024,160270210024,4,BG,2058408,0
16,027,020300,4,1500000US160270203004,160270203004,4,BG,693422,0
16,031,950400,2,1500000US160319504002,160319504002,2,BG,647311,0
16,005,000700,1,1500000US160050007001,160050007001,1,BG,2312381,0
16,017,950300,2,1500000US160179503002,160179503002,2,BG,993760,90701
16,083,001000,2,1500000US160830010002,160830010002,2,BG,2558760,0
16,035,970100,1,1500000US160359701001,160359701001,1,BG,3601730729,17183092
16,055,001002,2,1500000US160550010022,160550010022,2,BG,2698777,0
16,055,001300,2,1500000US160550013002,160550013002,2,BG,1347817,0
16,059,970300,1,1500000US160599703001,160599703001,1,BG,3501758024,1007308
16,013,960300,2,1500000US160139603002,160139603002,2,BG,1013841254,7494272
16,039,960100,2,1500000US160399601002,160399601002,2,BG,1966969099,9031246
16,039,960200,4,1500000US160399602004,160399602004,4,BG,1910757,0
16,045,960300,4,1500000US160459603004,160459603004,4,BG,5978567,33424
16,085,970200,2,1500000US160859702002,160859702002,2,BG,167839543,18646147
16,019,970602,1,1500000US160199706021,160199706021,1,BG,618979,7930
16,019,971100,2,1500000US160199711002,160199711002,2,BG,359548,0
16,001,002100,1,1500000US160010021001,160010021001,1,BG,20858839,119385
16,001,000304,2,1500000US160010003042,160010003042,2,BG,1526606,463
16,001,000400,4,1500000US160010004004,160010004004,4,BG,405750,0
16,001,000802,2,1500000US160010008022,160010008022,2,BG,537397,357
16,065,950200,1,1500000US160659502001,160659502001,1,BG,821563,9565
16,001,001100,3,1500000US160010011003,160010011003,3,BG,1321152,5200
16,057,005300,4,1500000US160570053004,160570053004,4,BG,1306157,0
16,031,950500,2,1500000US160319505002,160319505002,2,BG,563329,0
16,083,001500,3,1500000US160830015003,160830015003,3,BG,1708745851,5248648
16,003,950100,1,1500000US160039501001,160039501001,1,BG,1012869201,6116466
16,027,020902,1,1500000US160270209021,160270209021,1,BG,12975466,63371
16,027,020602,6,1500000US160270206026,160270206026,6,BG,470516,7887
16,027,020503,1,1500000US160270205031,160270205031,1,BG,2597603,0
16,005,001603,2,1500000US160050016032,160050016032,2,BG,4688582,52925
16,005,001500,5,1500000US160050015005,160050015005,5,BG,1575120,0
16,001,002224,3,1500000US160010022243,160010022243,3,BG,1588599,568
16,001,010335,4,1500000US160010103354,160010103354,4,BG,1497009,0
16,005,001602,2,1500000US160050016022,160050016022,2,BG,873260,0
16,001,010333,1,1500000US160010103331,160010103331,1,BG,1204960,4061
16,027,021300,2,1500000US160270213002,160270213002,2,BG,3333785,0
16,027,022400,2,1500000US160270224002,160270224002,2,BG,35728929,98991
16,011,940000,1,1500000US160119400001,160119400001,1,BG,774902327,68080
16,069,960400,2,1500000US160699604002,160699604002,2,BG,405455,0
16,069,960300,4,1500000US160699603004,160699603004,4,BG,464648,0
16,013,960200,2,1500000US160139602002,160139602002,2,BG,656224529,384125
16,069,960500,1,1500000US160699605001,160699605001,1,BG,1153374,0
16,001,001100,1,1500000US160010011001,160010011001,1,BG,2946913,18338
16,057,005700,1,1500000US160570057001,160570057001,1,BG,282590099,308780
16,001,000500,2,1500000US160010005002,160010005002,2,BG,349205,140
16,039,960100,3,1500000US160399601003,160399601003,3,BG,11507909,1047013
16,001,001500,3,1500000US160010015003,160010015003,3,BG,754641,14
16,059,970200,2,1500000US160599702002,160599702002,2,BG,708367398,1614160
16,019,971200,4,1500000US160199712004,160199712004,4,BG,2154264,232900
16,055,001200,3,1500000US160550012003,160550012003,3,BG,1715460,0
16,001,000803,1,1500000US160010008031,160010008031,1,BG,423813,224
16,083,001000,3,1500000US160830010003,160830010003,3,BG,636795,0
16,019,971301,2,1500000US160199713012,160199713012,2,BG,749008,0
16,017,950300,1,1500000US160179503001,160179503001,1,BG,861360,0
16,055,000800,2,1500000US160550008002,160550008002,2,BG,2567261,0
16,001,002312,2,1500000US160010023122,160010023122,2,BG,1060171,1807
16,001,010333,4,1500000US160010103334,160010103334,4,BG,2624735,1932
16,019,970300,3,1500000US160199703003,160199703003,3,BG,22221574,0
16,005,001101,4,1500000US160050011014,160050011014,4,BG,541861,0
16,055,001500,1,1500000US160550015001,160550015001,1,BG,687827,0
16,019,971100,4,1500000US160199711004,160199711004,4,BG,235768,0
16,035,970100,3,1500000US160359701003,160359701003,3,BG,255586622,245865
16,039,960200,2,1500000US160399602002,160399602002,2,BG,3861826,0
16,067,970200,2,1500000US160679702002,160679702002,2,BG,6186120,131782
16,055,001600,2,1500000US160550016002,160550016002,2,BG,1615571,950795
16,083,001000,4,1500000US160830010004,160830010004,4,BG,328328,0
16,019,970502,2,1500000US160199705022,160199705022,2,BG,1310920,0
16,019,971000,6,1500000US160199710006,160199710006,6,BG,2839262,226206
16,019,970900,1,1500000US160199709001,160199709001,1,BG,477387,2534
16,001,002221,3,1500000US160010022213,160010022213,3,BG,3913444,2815
16,001,002313,1,1500000US160010023131,160010023131,1,BG,2637629,1274
16,001,000600,6,1500000US160010006006,160010006006,6,BG,420058,0
16,057,005100,4,1500000US160570051004,160570051004,4,BG,328194,0
16,023,970100,1,1500000US160239701001,160239701001,1,BG,4586509600,4031826
16,059,970100,1,1500000US160599701001,160599701001,1,BG,4988764984,6076030
16,027,020901,2,1500000US160270209012,160270209012,2,BG,4484473,0
16,073,950200,3,1500000US160739502003,160739502003,3,BG,7373082273,20915853
16,005,001101,1,1500000US160050011011,160050011011,1,BG,5469712,0
16,001,002310,3,1500000US160010023103,160010023103,3,BG,1713003,7114
16,005,001601,1,1500000US160050016011,160050016011,1,BG,1162491,21511
16,077,960200,4,1500000US160779602004,160779602004,4,BG,1754549,21515
16,011,950100,1,1500000US160119501001,160119501001,1,BG,47223736,0
16,049,960100,1,1500000US160499601001,160499601001,1,BG,6997100533,23353630
16,069,960700,4,1500000US160699607004,160699607004,4,BG,480264,0
16,005,001000,2,1500000US160050010002,160050010002,2,BG,281165,0
16,083,001100,1,1500000US160830011001,160830011001,1,BG,398547,0
16,069,940000,2,1500000US160699400002,160699400002,2,BG,340793334,357235
16,027,020700,2,1500000US160270207002,160270207002,2,BG,9840631,4780
16,061,940002,2,1500000US160619400022,160619400022,2,BG,387680861,75928
16,005,000900,2,1500000US160050009002,160050009002,2,BG,337426,0
16,047,960200,7,1500000US160479602007,160479602007,7,BG,56029624,160962
16,083,000800,2,1500000US160830008002,160830008002,2,BG,329749,0
16,069,960300,3,1500000US160699603003,160699603003,3,BG,612454,0
16,007,950200,3,1500000US160079502003,160079502003,3,BG,435370605,1999135
16,083,000900,2,1500000US160830009002,160830009002,2,BG,9668847,314617
16,011,950400,4,1500000US160119504004,160119504004,4,BG,839473,0
16,017,950600,2,1500000US160179506002,160179506002,2,BG,390712086,777083
16,083,000700,2,1500000US160830007002,160830007002,2,BG,2470527,0
16,055,000700,3,1500000US160550007003,160550007003,3,BG,5221062,0
16,001,000100,2,1500000US160010001002,160010001002,2,BG,1355689,78426
16,001,000803,2,1500000US160010008032,160010008032,2,BG,327452,0
16,043,970200,3,1500000US160439702003,160439702003,3,BG,286311346,3464572
16,031,950500,1,1500000US160319505001,160319505001,1,BG,314262,0
16,027,022200,2,1500000US160270222002,160270222002,2,BG,3884932,51129
16,027,020100,1,1500000US160270201001,160270201001,1,BG,1201554,9001
16,049,960400,1,1500000US160499604001,160499604001,1,BG,3148654376,13808372
16,027,020602,3,1500000US160270206023,160270206023,3,BG,948416,7118
16,037,960200,2,1500000US160379602002,160379602002,2,BG,1877790980,2944843
16,001,001900,1,1500000US160010019001,160010019001,1,BG,1562805,0
16,001,000500,3,1500000US160010005003,160010005003,3,BG,549407,229
16,039,960300,3,1500000US160399603003,160399603003,3,BG,649063,0
16,001,001202,1,1500000US160010012021,160010012021,1,BG,682272,5916
16,001,001800,2,1500000US160010018002,160010018002,2,BG,1456232,17721
16,027,020902,3,1500000US160270209023,160270209023,3,BG,2731229,0
16,073,950200,5,1500000US160739502005,160739502005,5,BG,579048740,8988740
16,075,960300,2,1500000US160759603002,160759603002,2,BG,7849181,172931
16,027,021002,2,1500000US160270210022,160270210022,2,BG,3742617,0
16,009,940000,4,1500000US160099400004,160099400004,4,BG,103407799,11271934
16,017,950800,2,1500000US160179508002,160179508002,2,BG,128531271,22574519
16,017,950800,4,1500000US160179508004,160179508004,4,BG,161966367,29780674
16,057,005600,3,1500000US160570056003,160570056003,3,BG,123435225,363784
16,001,010322,2,1500000US160010103222,160010103222,2,BG,1307209,533
16,075,960300,4,1500000US160759603004,160759603004,4,BG,153829024,2002807
16,049,940000,4,1500000US160499400004,160499400004,4,BG,147850784,764653
16,001,010321,1,1500000US160010103211,160010103211,1,BG,11630054,13241
16,027,021200,3,1500000US160270212003,160270212003,3,BG,7148953,0
16,017,950500,3,1500000US160179505003,160179505003,3,BG,64679144,2367428
16,055,000200,2,1500000US160550002002,160550002002,2,BG,145340335,12540533
16,087,970200,3,1500000US160879702003,160879702003,3,BG,1780840,34624
16,083,001100,3,1500000US160830011003,160830011003,3,BG,1270996,0
16,051,960100,2,1500000US160519601002,160519601002,2,BG,1133533850,16255695
16,065,950500,3,1500000US160659505003,160659505003,3,BG,61681582,2371180
16,001,002302,4,1500000US160010023024,160010023024,4,BG,1249231,0
16,001,010401,2,1500000US160010104012,160010104012,2,BG,52841773,163423
16,055,001002,1,1500000US160550010021,160550010021,1,BG,3834223,0
16,065,950302,3,1500000US160659503023,160659503023,3,BG,3879143,4812
16,067,970300,2,1500000US160679703002,160679703002,2,BG,126865164,2001322
16,051,960200,1,1500000US160519602001,160519602001,1,BG,33106428,730168
16,017,950900,3,1500000US160179509003,160179509003,3,BG,40813403,3050033
16,001,000702,1,1500000US160010007021,160010007021,1,BG,16304815,218009
16,047,960200,2,1500000US160479602002,160479602002,2,BG,34708380,245262
16,069,960800,3,1500000US160699608003,160699608003,3,BG,2649184,0
16,049,960200,3,1500000US160499602003,160499602003,3,BG,2778489,18562
16,017,950400,2,1500000US160179504002,160179504002,2,BG,16949445,671455
16,011,950200,3,1500000US160119502003,160119502003,3,BG,23022963,658727
16,057,005500,2,1500000US160570055002,160570055002,2,BG,283739235,260761
16,049,940000,1,1500000US160499400001,160499400001,1,BG,146511444,2397354
16,001,010503,1,1500000US160010105031,160010105031,1,BG,659403675,5066226
16,005,001900,4,1500000US160050019004,160050019004,4,BG,843384252,735864
16,069,960900,2,1500000US160699609002,160699609002,2,BG,959504,0
16,017,950200,5,1500000US160179502005,160179502005,5,BG,9959856,0
16,031,950400,1,1500000US160319504001,160319504001,1,BG,1935125,892245
16,039,960200,5,1500000US160399602005,160399602005,5,BG,1923325,4714
16,005,001603,1,1500000US160050016031,160050016031,1,BG,1797988,4350
16,055,000602,1,1500000US160550006021,160550006021,1,BG,1691670,98316
16,017,950300,3,1500000US160179503003,160179503003,3,BG,446676,0
16,027,020200,2,1500000US160270202002,160270202002,2,BG,614757,0
16,001,001900,3,1500000US160010019003,160010019003,3,BG,796031,0
16,075,960400,3,1500000US160759604003,160759604003,3,BG,5534551,0
16,087,970200,1,1500000US160879702001,160879702001,1,BG,166933206,915110
16,079,960200,1,1500000US160799602001,160799602001,1,BG,11762449,582999
16,067,970500,1,1500000US160679705001,160679705001,1,BG,45813054,1750814
16,055,001200,1,1500000US160550012001,160550012001,1,BG,1395671,0
16,011,950600,4,1500000US160119506004,160119506004,4,BG,11261475,150894
16,027,021903,1,1500000US160270219031,160270219031,1,BG,33251453,119358
16,043,970300,6,1500000US160439703006,160439703006,6,BG,58960883,1007447
16,083,000600,2,1500000US160830006002,160830006002,2,BG,27647743,334602
16,017,950400,5,1500000US160179504005,160179504005,5,BG,8689251,3663363
16,055,001700,2,1500000US160550017002,160550017002,2,BG,5082773,914897
16,047,960200,5,1500000US160479602005,160479602005,5,BG,116894448,1327213
16,055,000302,1,1500000US160550003021,160550003021,1,BG,91396741,1814803
16,027,021001,1,1500000US160270210011,160270210011,1,BG,18314867,5611
16,069,960600,1,1500000US160699606001,160699606001,1,BG,1699864,0
16,051,960300,2,1500000US160519603002,160519603002,2,BG,2835125,30607
16,027,020402,4,1500000US160270204024,160270204024,4,BG,566652,0
16,005,001102,1,1500000US160050011021,160050011021,1,BG,579149,0
16,001,000900,3,1500000US160010009003,160010009003,3,BG,486383,1032
16,031,950500,3,1500000US160319505003,160319505003,3,BG,23018298,64790
16,051,960200,3,1500000US160519602003,160519602003,3,BG,57489807,1039686
16,055,000200,3,1500000US160550002003,160550002003,3,BG,96827885,136386
16,021,970100,4,1500000US160219701004,160219701004,4,BG,522803586,2112290
16,055,001600,1,1500000US160550016001,160550016001,1,BG,565020,0
16,081,960100,2,1500000US160819601002,160819601002,2,BG,50316335,5734
16,083,000800,3,1500000US160830008003,160830008003,3,BG,328715,0
16,001,000805,1,1500000US160010008051,160010008051,1,BG,2142051,43042
16,001,001100,2,1500000US160010011002,160010011002,2,BG,1113990,6165
16,027,022200,1,1500000US160270222001,160270222001,1,BG,36573654,1439048
16,001,010401,1,1500000US160010104011,160010104011,1,BG,39565748,190110
16,011,940000,2,1500000US160119400002,160119400002,2,BG,134438858,2517998
16,019,971200,2,1500000US160199712002,160199712002,2,BG,464479,0
16,001,001201,2,1500000US160010012012,160010012012,2,BG,711888,0
16,027,021500,2,1500000US160270215002,160270215002,2,BG,771374,1386
16,071,960100,2,1500000US160719601002,160719601002,2,BG,401333651,1620147
16,057,005200,3,1500000US160570052003,160570052003,3,BG,346455,0
16,069,940000,4,1500000US160699400004,160699400004,4,BG,171206774,3700524
16,083,001200,3,1500000US160830012003,160830012003,3,BG,2624245,0
16,017,950200,6,1500000US160179502006,160179502006,6,BG,8237987,9135097
16,055,001001,2,1500000US160550010012,160550010012,2,BG,2023841,0
16,035,940000,8,1500000US160359400008,160359400008,8,BG,7923724,370772
16,001,001400,1,1500000US160010014001,160010014001,1,BG,655924,102
16,069,940000,3,1500000US160699400003,160699400003,3,BG,132939122,0
16,019,971400,4,1500000US160199714004,160199714004,4,BG,5220047,0
16,047,960100,6,1500000US160479601006,160479601006,6,BG,933415,21546
16,019,971100,5,1500000US160199711005,160199711005,5,BG,333663,0
16,001,002411,3,1500000US160010024113,160010024113,3,BG,1151377,0
16,005,000300,2,1500000US160050003002,160050003002,2,BG,1020345,0
16,005,001200,2,1500000US160050012002,160050012002,2,BG,973230,1785
16,079,960200,4,1500000US160799602004,160799602004,4,BG,683649,4425
16,041,970100,3,1500000US160419701003,160419701003,3,BG,82414294,1551038
16,001,010221,1,1500000US160010102211,160010102211,1,BG,20699387,589559
16,083,000300,2,1500000US160830003002,160830003002,2,BG,40677441,346498
16,047,960200,1,1500000US160479602001,160479602001,1,BG,36339022,2934260
16,053,970200,2,1500000US160539702002,160539702002,2,BG,80054016,402223
16,029,960100,1,1500000US160299601001,160299601001,1,BG,36005772,4572538
16,085,970300,1,1500000US160859703001,160859703001,1,BG,95081806,1034225
16,043,970200,4,1500000US160439702004,160439702004,4,BG,33674997,590145
16,017,950200,4,1500000US160179502004,160179502004,4,BG,50085338,0
16,057,005700,2,1500000US160570057002,160570057002,2,BG,84400915,60659
16,017,950500,2,1500000US160179505002,160179505002,2,BG,87953892,4835282
16,059,970200,1,1500000US160599702001,160599702001,1,BG,3238151,129861
16,075,960200,2,1500000US160759602002,160759602002,2,BG,2023103,43704
16,021,970200,3,1500000US160219702003,160219702003,3,BG,16103784,493831
16,011,950600,3,1500000US160119506003,160119506003,3,BG,6550515,0
16,077,960200,5,1500000US160779602005,160779602005,5,BG,1128181057,30628748
16,009,950100,2,1500000US160099501002,160099501002,2,BG,990924,71242
16,055,000601,2,1500000US160550006012,160550006012,2,BG,7573289,0
16,081,960100,3,1500000US160819601003,160819601003,3,BG,402373578,917363
16,005,001101,3,1500000US160050011013,160050011013,3,BG,2239346,0
16,001,010201,2,1500000US160010102012,160010102012,2,BG,47921432,98275
16,001,002224,1,1500000US160010022241,160010022241,1,BG,3461982,7022
16,019,971000,5,1500000US160199710005,160199710005,5,BG,839807,0
16,001,000804,1,1500000US160010008041,160010008041,1,BG,1130520,1984
16,001,002302,3,1500000US160010023023,160010023023,3,BG,684811,0
16,021,970100,3,1500000US160219701003,160219701003,3,BG,70988330,1224060
16,083,000300,4,1500000US160830003004,160830003004,4,BG,72076431,901214
16,083,000300,3,1500000US160830003003,160830003003,3,BG,100944455,1149784
16,083,001300,1,1500000US160830013001,160830013001,1,BG,59152654,957504
16,079,960200,5,1500000US160799602005,160799602005,5,BG,62884221,8999
16,079,960300,1,1500000US160799603001,160799603001,1,BG,24044826,160494
16,083,001300,3,1500000US160830013003,160830013003,3,BG,68691544,360352
16,083,000800,4,1500000US160830008004,160830008004,4,BG,3357163,0
16,083,001200,1,1500000US160830012001,160830012001,1,BG,7320405,48266
16,079,960400,6,1500000US160799604006,160799604006,6,BG,105925254,242711
16,079,960400,3,1500000US160799604003,160799604003,3,BG,71424867,40452
16,035,940000,2,1500000US160359400002,160359400002,2,BG,21684928,6692296
16,021,970100,1,1500000US160219701001,160219701001,1,BG,285879483,5460006
16,021,970100,2,1500000US160219701002,160219701002,2,BG,59442363,2593610
16,087,970200,2,1500000US160879702002,160879702002,2,BG,869931,0
16,017,950900,1,1500000US160179509001,160179509001,1,BG,98870816,77082515
16,035,940000,3,1500000US160359400003,160359400003,3,BG,18391621,11628
16,035,940000,6,1500000US160359400006,160359400006,6,BG,69096073,738558
16,035,970100,5,1500000US160359701005,160359701005,5,BG,29646454,31126
16,055,000301,2,1500000US160550003012,160550003012,2,BG,58869218,2372162
16,013,960200,3,1500000US160139602003,160139602003,3,BG,157453133,24732
16,017,950100,2,1500000US160179501002,160179501002,2,BG,596679619,99861431
16,055,000301,1,1500000US160550003011,160550003011,1,BG,34551831,0
16,055,000200,5,1500000US160550002005,160550002005,5,BG,42474407,963708
16,055,940000,1,1500000US160559400001,160559400001,1,BG,157501263,11191623
16,055,000900,3,1500000US160550009003,160550009003,3,BG,1069384,103234
16,055,001700,3,1500000US160550017003,160550017003,3,BG,59773827,5683071
16,055,001800,2,1500000US160550018002,160550018002,2,BG,41299830,11603327
16,071,960100,1,1500000US160719601001,160719601001,1,BG,2704712973,2375035
16,055,002000,1,1500000US160550020001,160550020001,1,BG,211807682,20240650
16,055,940000,2,1500000US160559400002,160559400002,2,BG,122776088,0
16,075,960400,1,1500000US160759604001,160759604001,1,BG,48669394,407854
16,075,960400,2,1500000US160759604002,160759604002,2,BG,180329846,496994
16,075,960200,1,1500000US160759602001,160759602001,1,BG,2080982,423414
16,047,960100,1,1500000US160479601001,160479601001,1,BG,1145046116,3697988
16,047,960100,4,1500000US160479601004,160479601004,4,BG,1845516,3925
16,047,960200,6,1500000US160479602006,160479602006,6,BG,712577,0
16,051,960100,3,1500000US160519601003,160519601003,3,BG,1064094365,207329
16,051,960400,4,1500000US160519604004,160519604004,4,BG,25676248,116528
16,067,970200,1,1500000US160679702001,160679702001,1,BG,48845362,3680012
16,067,970300,1,1500000US160679703001,160679703001,1,BG,1189861199,2391859
16,067,970400,1,1500000US160679704001,160679704001,1,BG,11349287,25496
16,043,970200,1,1500000US160439702001,160439702001,1,BG,508983039,4663397
16,067,970500,4,1500000US160679705004,160679705004,4,BG,25217004,1012085
16,043,970300,2,1500000US160439703002,160439703002,2,BG,39803026,816109
16,043,970300,1,1500000US160439703001,160439703001,1,BG,4733066,485068
16,039,960300,1,1500000US160399603001,160399603001,1,BG,1052031,0
16,063,950100,1,1500000US160639501001,160639501001,1,BG,1600224024,4189729
16,031,950100,2,1500000US160319501002,160319501002,2,BG,1273695123,968132
16,031,950100,1,1500000US160319501001,160319501001,1,BG,1428339156,23684908
16,031,950100,3,1500000US160319501003,160319501003,3,BG,1509261046,184862
16,031,950200,2,1500000US160319502002,160319502002,2,BG,45425674,999241
16,031,950600,2,1500000US160319506002,160319506002,2,BG,1742678789,3215102
16,001,001700,1,1500000US160010017001,160010017001,1,BG,414083,0
16,001,001800,1,1500000US160010018001,160010018001,1,BG,1077558,0
16,001,002000,1,1500000US160010020001,160010020001,1,BG,1200903,2581
16,001,002410,2,1500000US160010024102,160010024102,2,BG,1169758,856
16,001,002411,2,1500000US160010024112,160010024112,2,BG,668525,2154
16,001,010100,1,1500000US160010101001,160010101001,1,BG,238968685,3926705
16,019,970100,4,1500000US160199701004,160199701004,4,BG,123487289,36952
16,019,970100,2,1500000US160199701002,160199701002,2,BG,83800444,733
16,019,970100,3,1500000US160199701003,160199701003,3,BG,43327988,17017
16,019,970401,2,1500000US160199704012,160199704012,2,BG,8301131,8771
16,019,970402,2,1500000US160199704022,160199704022,2,BG,13385250,0
16,019,971301,1,1500000US160199713011,160199713011,1,BG,9155970,401700
16,001,002413,4,1500000US160010024134,160010024134,4,BG,633605,0
16,001,000201,3,1500000US160010002013,160010002013,3,BG,961647,0
16,001,002100,2,1500000US160010021002,160010021002,2,BG,25608949,21987
16,001,010332,1,1500000US160010103321,160010103321,1,BG,7022925,14453
16,001,010331,1,1500000US160010103311,160010103311,1,BG,14652606,218108
16,001,010321,2,1500000US160010103212,160010103212,2,BG,1251268,1196
16,001,010402,1,1500000US160010104021,160010104021,1,BG,7566222,5477
16,053,970100,2,1500000US160539701002,160539701002,2,BG,232720568,3054913
16,053,970300,1,1500000US160539703001,160539703001,1,BG,1899793,0
16,053,970500,2,1500000US160539705002,160539705002,2,BG,60990358,735575
16,001,000303,1,1500000US160010003031,160010003031,1,BG,1857589,268631
16,001,000302,1,1500000US160010003021,160010003021,1,BG,857079,2299
16,001,000400,3,1500000US160010004003,160010004003,3,BG,301403,0
16,001,000500,1,1500000US160010005001,160010005001,1,BG,912229,1186
16,001,000701,3,1500000US160010007013,160010007013,3,BG,1027005,55895
16,001,000802,3,1500000US160010008023,160010008023,3,BG,720205,5732
16,001,001000,1,1500000US160010010001,160010010001,1,BG,1671957,113696
16,001,001201,1,1500000US160010012011,160010012011,1,BG,1422260,0
16,001,001600,1,1500000US160010016001,160010016001,1,BG,942149,15980
16,057,005100,1,1500000US160570051001,160570051001,1,BG,7764009,8777
16,057,005200,1,1500000US160570052001,160570052001,1,BG,71574825,22030
16,057,005300,6,1500000US160570053006,160570053006,6,BG,58218201,8802
16,057,005400,2,1500000US160570054002,160570054002,2,BG,53204998,8820
16,057,005300,1,1500000US160570053001,160570053001,1,BG,497351,0
16,057,005600,4,1500000US160570056004,160570056004,4,BG,135256976,71902
16,007,950200,1,1500000US160079502001,160079502001,1,BG,340821510,101216010
16,019,970403,3,1500000US160199704033,160199704033,3,BG,1321694,0
16,019,971302,2,1500000US160199713022,160199713022,2,BG,582687,0
16,019,970700,4,1500000US160199707004,160199707004,4,BG,464867,3885
16,019,970900,3,1500000US160199709003,160199709003,3,BG,2275979,7256
16,019,971400,3,1500000US160199714003,160199714003,3,BG,5153691,0
16,019,971301,5,1500000US160199713015,160199713015,5,BG,3629830,20624
16,019,971400,1,1500000US160199714001,160199714001,1,BG,32867584,781407
16,019,970502,3,1500000US160199705023,160199705023,3,BG,2589644,0
16,019,970700,2,1500000US160199707002,160199707002,2,BG,6051944,37461
16,019,971000,2,1500000US160199710002,160199710002,2,BG,260589,0
16,041,970200,3,1500000US160419702003,160419702003,3,BG,76047128,1435584
16,045,960100,2,1500000US160459601002,160459601002,2,BG,52803409,595136
16,045,960100,4,1500000US160459601004,160459601004,4,BG,17408613,1096594
16,019,971000,4,1500000US160199710004,160199710004,4,BG,373851,0
16,019,971200,3,1500000US160199712003,160199712003,3,BG,726120,0
16,041,970100,5,1500000US160419701005,160419701005,5,BG,261336248,2754867
16,065,950100,1,1500000US160659501001,160659501001,1,BG,161421683,5104945
16,065,950100,3,1500000US160659501003,160659501003,3,BG,53194896,327868
16,041,970200,5,1500000US160419702005,160419702005,5,BG,66060490,647895
16,065,950400,1,1500000US160659504001,160659504001,1,BG,770489660,500978
16,065,950500,2,1500000US160659505002,160659505002,2,BG,64001614,78603
16,065,950400,2,1500000US160659504002,160659504002,2,BG,2135598,66952
16,065,950301,4,1500000US160659503014,160659503014,4,BG,107598,0
16,013,960300,3,1500000US160139603003,160139603003,3,BG,2590636,62439
16,019,970100,1,1500000US160199701001,160199701001,1,BG,3445449046,84114527
16,055,000700,2,1500000US160550007002,160550007002,2,BG,12280779,0
16,055,000402,2,1500000US160550004022,160550004022,2,BG,2002967,0
16,055,000800,1,1500000US160550008001,160550008001,1,BG,6376656,922137
16,057,005400,3,1500000US160570054003,160570054003,3,BG,2973559,3568
16,061,940002,1,1500000US160619400021,160619400021,1,BG,339657884,667318
16,027,021100,2,1500000US160270211002,160270211002,2,BG,21131708,91191
16,027,020401,2,1500000US160270204012,160270204012,2,BG,7231149,56428
16,027,021904,1,1500000US160270219041,160270219041,1,BG,99333018,796902
16,027,020602,5,1500000US160270206025,160270206025,5,BG,443381,15116
16,027,020504,3,1500000US160270205043,160270205043,3,BG,803438,0
16,001,010223,1,1500000US160010102231,160010102231,1,BG,2214661,8501
16,001,000701,1,1500000US160010007011,160010007011,1,BG,1080165,25652
16,001,010331,3,1500000US160010103313,160010103313,3,BG,5189041,5825
16,001,010225,1,1500000US160010102251,160010102251,1,BG,5713407,677493
16,001,010313,2,1500000US160010103132,160010103132,2,BG,5622577,3314
16,001,000202,3,1500000US160010002023,160010002023,3,BG,4053020,5942
16,001,010331,2,1500000US160010103312,160010103312,2,BG,2595180,3578
16,027,021600,3,1500000US160270216003,160270216003,3,BG,974192,0
16,027,021700,1,1500000US160270217001,160270217001,1,BG,3527228,0
16,027,021200,2,1500000US160270212002,160270212002,2,BG,5162594,162310
16,027,020402,1,1500000US160270204021,160270204021,1,BG,1145574,0
16,027,020901,1,1500000US160270209011,160270209011,1,BG,12360146,109636
16,027,022100,1,1500000US160270221001,160270221001,1,BG,66811688,2669537
16,027,022100,3,1500000US160270221003,160270221003,3,BG,16829008,390817
16,027,022200,3,1500000US160270222003,160270222003,3,BG,88527924,974897
16,005,001900,1,1500000US160050019001,160050019001,1,BG,223805517,685670
16,005,001900,2,1500000US160050019002,160050019002,2,BG,305291138,405386
16,005,001602,3,1500000US160050016023,160050016023,3,BG,2782377,0
16,001,000805,2,1500000US160010008052,160010008052,2,BG,694077,874
16,001,000201,2,1500000US160010002012,160010002012,2,BG,1427813,8529
16,001,000701,2,1500000US160010007012,160010007012,2,BG,680415,0
16,005,000700,3,1500000US160050007003,160050007003,3,BG,1134402,0
16,073,950200,2,1500000US160739502002,160739502002,2,BG,80039896,3390243
16,005,940000,2,1500000US160059400002,160059400002,2,BG,306833627,152173
16,005,000400,2,1500000US160050004002,160050004002,2,BG,1310959,0
16,005,000600,2,1500000US160050006002,160050006002,2,BG,20870206,0
16,005,001602,1,1500000US160050016021,160050016021,1,BG,947816,19243
16,005,000900,1,1500000US160050009001,160050009001,1,BG,708641,0
16,005,001000,1,1500000US160050010001,160050010001,1,BG,882037,0
16,005,001200,1,1500000US160050012001,160050012001,1,BG,343017,4830
16,005,001500,3,1500000US160050015003,160050015003,3,BG,960915,0
16,029,960100,3,1500000US160299601003,160299601003,3,BG,207300982,460816
16,011,950300,3,1500000US160119503003,160119503003,3,BG,166604767,35288442
16,011,950300,1,1500000US160119503001,160119503001,1,BG,1184571273,22720
16,011,950300,2,1500000US160119503002,160119503002,2,BG,1386554236,0
16,011,950500,4,1500000US160119505004,160119505004,4,BG,20377983,913748
16,011,950600,2,1500000US160119506002,160119506002,2,BG,17699891,0
16,011,950700,1,1500000US160119507001,160119507001,1,BG,25298834,0
16,011,950700,3,1500000US160119507003,160119507003,3,BG,96211965,1729396
16,011,950100,2,1500000US160119501002,160119501002,2,BG,6478293,0
16,049,960300,1,1500000US160499603001,160499603001,1,BG,53690569,31205
16,061,950300,1,1500000US160619503001,160619503001,1,BG,229927240,436629
16,061,940002,3,1500000US160619400023,160619400023,3,BG,219550804,445364
16,069,960700,2,1500000US160699607002,160699607002,2,BG,15471955,807600
16,069,961000,1,1500000US160699610001,160699610001,1,BG,11553836,0
16,069,960300,2,1500000US160699603002,160699603002,2,BG,40247987,2682719
16,069,960400,4,1500000US160699604004,160699604004,4,BG,829991,447711
16,069,960600,3,1500000US160699606003,160699606003,3,BG,859378,0
16,069,960600,2,1500000US160699606002,160699606002,2,BG,3334440,0
16,069,960900,1,1500000US160699609001,160699609001,1,BG,1315514,0
16,069,940000,5,1500000US160699400005,160699400005,5,BG,265325121,557673
16,077,960100,2,1500000US160779601002,160779601002,2,BG,662400427,14126671
16,027,021100,3,1500000US160270211003,160270211003,3,BG,6582209,0
16,005,001400,2,1500000US160050014002,160050014002,2,BG,673209,0
16,073,950101,1,1500000US160739501011,160739501011,1,BG,111184285,1185467
16,001,001600,2,1500000US160010016002,160010016002,2,BG,1845558,0
16,043,970300,4,1500000US160439703004,160439703004,4,BG,536209,81445
16,017,950700,3,1500000US160179507003,160179507003,3,BG,184268051,809246
16,055,002000,2,1500000US160550020002,160550020002,2,BG,34968470,4243917
16,027,021904,2,1500000US160270219042,160270219042,2,BG,14562220,9078
16,027,022300,3,1500000US160270223003,160270223003,3,BG,187497556,2809629
16,001,000803,4,1500000US160010008034,160010008034,4,BG,1099470,43
16,009,950100,4,1500000US160099501004,160099501004,4,BG,595691347,85908
16,017,950700,1,1500000US160179507001,160179507001,1,BG,80774735,5113499
16,001,001500,1,1500000US160010015001,160010015001,1,BG,1153633,1802
16,019,971302,3,1500000US160199713023,160199713023,3,BG,1866134,0
16,075,960200,3,1500000US160759602003,160759602003,3,BG,27588440,1689250
16,027,021901,1,1500000US160270219011,160270219011,1,BG,2780800,25335
16,019,970900,2,1500000US160199709002,160199709002,2,BG,551770,0
16,001,000802,1,1500000US160010008021,160010008021,1,BG,369451,0
16,055,000900,2,1500000US160550009002,160550009002,2,BG,1842433,0
16,083,001000,5,1500000US160830010005,160830010005,5,BG,676388,0
16,001,010223,2,1500000US160010102232,160010102232,2,BG,4299840,229399
16,065,950500,1,1500000US160659505001,160659505001,1,BG,52674193,1605806
16,055,001200,2,1500000US160550012002,160550012002,2,BG,803520,0
16,005,940000,1,1500000US160059400001,160059400001,1,BG,77356567,88175694
16,067,970300,3,1500000US160679703003,160679703003,3,BG,143901178,141277
16,027,020401,1,1500000US160270204011,160270204011,1,BG,2795619,1005
16,047,960200,4,1500000US160479602004,160479602004,4,BG,99880533,1955939
16,079,960300,4,1500000US160799603004,160799603004,4,BG,19448674,180053
16,019,970601,2,1500000US160199706012,160199706012,2,BG,1592548,6066
16,079,960300,2,1500000US160799603002,160799603002,2,BG,34904788,0
16,059,970100,2,1500000US160599701002,160599701002,2,BG,156045492,554087
16,009,950100,1,1500000US160099501001,160099501001,1,BG,437024465,2351364
16,027,021100,1,1500000US160270211001,160270211001,1,BG,64104868,357125
16,001,000201,1,1500000US160010002011,160010002011,1,BG,11846328,10090
16,005,001700,1,1500000US160050017001,160050017001,1,BG,12616511,22419
16,035,970100,4,1500000US160359701004,160359701004,4,BG,1107488957,32744039
16,011,950500,1,1500000US160119505001,160119505001,1,BG,23937704,1301947
16,079,960200,2,1500000US160799602002,160799602002,2,BG,147564543,16743
16,027,020300,2,1500000US160270203002,160270203002,2,BG,515464,0
16,049,960200,1,1500000US160499602001,160499602001,1,BG,177753271,99105
16,067,970100,1,1500000US160679701001,160679701001,1,BG,247762762,779196
16,027,021903,2,1500000US160270219032,160270219032,2,BG,126375680,255439
16,005,001500,1,1500000US160050015001,160050015001,1,BG,3300845,2311
16,031,950500,4,1500000US160319505004,160319505004,4,BG,32272465,1646589
16,027,020902,2,1500000US160270209022,160270209022,2,BG,14859000,5147671
16,047,960100,5,1500000US160479601005,160479601005,5,BG,3394475,9524
16,083,001300,5,1500000US160830013005,160830013005,5,BG,3889169,0
16,039,960300,4,1500000US160399603004,160399603004,4,BG,283328968,1671945
16,045,960200,1,1500000US160459602001,160459602001,1,BG,145632403,1827508
16,053,970500,1,1500000US160539705001,160539705001,1,BG,58783743,284420
16,075,960300,1,1500000US160759603001,160759603001,1,BG,6988804,233790
16,069,960300,1,1500000US160699603001,160699603001,1,BG,131577693,1592149
16,005,000200,2,1500000US160050002002,160050002002,2,BG,122228120,48917
16,069,960200,1,1500000US160699602001,160699602001,1,BG,151758189,0
16,017,950500,4,1500000US160179505004,160179505004,4,BG,5446872,0
16,027,021800,2,1500000US160270218002,160270218002,2,BG,34490547,292337
16,039,960400,3,1500000US160399604003,160399604003,3,BG,2250881,0
16,083,000500,3,1500000US160830005003,160830005003,3,BG,62089916,510419
16,051,960400,3,1500000US160519604003,160519604003,3,BG,34459469,276017
16,027,021700,2,1500000US160270217002,160270217002,2,BG,3477971,0
16,011,950600,1,1500000US160119506001,160119506001,1,BG,50068494,1657946
16,063,950100,4,1500000US160639501004,160639501004,4,BG,628353521,3826776
16,027,020504,1,1500000US160270205041,160270205041,1,BG,529913,0
16,001,010335,3,1500000US160010103353,160010103353,3,BG,5205742,38951
16,055,000402,1,1500000US160550004021,160550004021,1,BG,8590911,304242
16,029,960100,2,1500000US160299601002,160299601002,2,BG,24466611,469651
16,087,970300,3,1500000US160879703003,160879703003,3,BG,2811488,7496
16,019,971500,1,1500000US160199715001,160199715001,1,BG,387254891,1444352
16,001,000500,5,1500000US160010005005,160010005005,5,BG,645882,0
16,053,970500,3,1500000US160539705003,160539705003,3,BG,233208832,1385415
16,077,960200,2,1500000US160779602002,160779602002,2,BG,5889671,4917787
16,027,021600,2,1500000US160270216002,160270216002,2,BG,974847,0
16,009,940000,3,1500000US160099400003,160099400003,3,BG,232873980,0
16,017,950800,1,1500000US160179508001,160179508001,1,BG,69713451,7648931
16,081,960100,1,1500000US160819601001,160819601001,1,BG,478280921,1291253
16,017,950400,1,1500000US160179504001,160179504001,1,BG,206063584,47252
16,013,960500,2,1500000US160139605002,160139605002,2,BG,255524146,180213
16,005,001400,1,1500000US160050014001,160050014001,1,BG,1780640,0
16,001,002000,3,1500000US160010020003,160010020003,3,BG,1257617,398
16,027,022100,4,1500000US160270221004,160270221004,4,BG,35729388,478174
16,021,970200,2,1500000US160219702002,160219702002,2,BG,31051580,605848
16,017,950800,3,1500000US160179508003,160179508003,3,BG,190927178,931127
16,019,970700,3,1500000US160199707003,160199707003,3,BG,519134,14631
16,035,940000,7,1500000US160359400007,160359400007,7,BG,5254411,61185
16,083,001400,1,1500000US160830014001,160830014001,1,BG,217767378,2028171
16,083,000300,1,1500000US160830003001,160830003001,1,BG,99036520,118498
16,055,001800,3,1500000US160550018003,160550018003,3,BG,44113388,3621044
16,001,010504,1,1500000US160010105041,160010105041,1,BG,5395846,148104
16,017,950500,1,1500000US160179505001,160179505001,1,BG,2251896,310853
16,005,000400,1,1500000US160050004001,160050004001,1,BG,9040805,40539
16,001,010201,1,1500000US160010102011,160010102011,1,BG,144440281,179684
16,055,000401,2,1500000US160550004012,160550004012,2,BG,82540998,1273823
16,045,960100,3,1500000US160459601003,160459601003,3,BG,16283888,558999
16,043,970300,5,1500000US160439703005,160439703005,5,BG,12704048,378502
16,055,000100,2,1500000US160550001002,160550001002,2,BG,50376018,788339
16,013,960500,1,1500000US160139605001,160139605001,1,BG,29175175,161740
16,001,000900,4,1500000US160010009004,160010009004,4,BG,817562,311
16,057,005700,3,1500000US160570057003,160570057003,3,BG,228416965,48379
16,061,940001,1,1500000US160619400011,160619400011,1,BG,61623900,756365
16,077,960100,1,1500000US160779601001,160779601001,1,BG,1594056315,4381347
16,001,002412,2,1500000US160010024122,160010024122,2,BG,1153512,7050
16,043,970300,7,1500000US160439703007,160439703007,7,BG,33337006,1008575
16,083,000300,5,1500000US160830003005,160830003005,5,BG,68197502,276223
16,001,000400,2,1500000US160010004002,160010004002,2,BG,1440358,280169
16,017,950600,1,1500000US160179506001,160179506001,1,BG,501353514,100507764
16,027,020200,1,1500000US160270202001,160270202001,1,BG,1148697,12624
16,041,970200,1,1500000US160419702001,160419702001,1,BG,10666299,206377
16,001,000804,2,1500000US160010008042,160010008042,2,BG,1319249,104546
16,017,950300,4,1500000US160179503004,160179503004,4,BG,631108,3903191
16,035,940000,1,1500000US160359400001,160359400001,1,BG,76611834,4955213
16,031,950300,3,1500000US160319503003,160319503003,3,BG,423544,0
16,011,950100,4,1500000US160119501004,160119501004,4,BG,18010256,621665
16,017,950100,1,1500000US160179501001,160179501001,1,BG,445288963,59916561
16,009,950100,3,1500000US160099501003,160099501003,3,BG,26645481,625808
16,079,960400,4,1500000US160799604004,160799604004,4,BG,82700597,137771
16,079,960400,1,1500000US160799604001,160799604001,1,BG,8481772,30198
16,069,940000,1,1500000US160699400001,160699400001,1,BG,150504396,2649066
16,055,001001,1,1500000US160550010011,160550010011,1,BG,2980032,0
16,005,001900,3,1500000US160050019003,160050019003,3,BG,338967827,619188
16,045,960200,2,1500000US160459602002,160459602002,2,BG,23231787,433300
16,031,950200,1,1500000US160319502001,160319502001,1,BG,117739565,4559528
16,001,010334,2,1500000US160010103342,160010103342,2,BG,4631112,278
16,035,940000,5,1500000US160359400005,160359400005,5,BG,71781887,593949
16,019,971000,1,1500000US160199710001,160199710001,1,BG,276499,691
16,019,970403,1,1500000US160199704031,160199704031,1,BG,7824706,5068
16,083,000500,1,1500000US160830005001,160830005001,1,BG,34526953,397598
16,041,970100,2,1500000US160419701002,160419701002,2,BG,20327878,542658
16,055,940000,3,1500000US160559400003,160559400003,3,BG,125558946,5591695
16,017,950700,2,1500000US160179507002,160179507002,2,BG,55427043,971124
16,055,001700,1,1500000US160550017001,160550017001,1,BG,24153304,11880
16,043,970200,2,1500000US160439702002,160439702002,2,BG,8507211,26674
16,043,970300,3,1500000US160439703003,160439703003,3,BG,51328278,456075
16,083,000500,5,1500000US160830005005,160830005005,5,BG,2015719,0
16,083,000700,1,1500000US160830007001,160830007001,1,BG,39510944,549752
16,075,960300,3,1500000US160759603003,160759603003,3,BG,22368636,452041
16,075,960100,1,1500000US160759601001,160759601001,1,BG,570056485,1962169
16,019,970501,1,1500000US160199705011,160199705011,1,BG,13869636,15653
16,019,971200,1,1500000US160199712001,160199712001,1,BG,2756979,177464
16,019,970800,1,1500000US160199708001,160199708001,1,BG,431120,7720
16,007,950100,4,1500000US160079501004,160079501004,4,BG,778036314,86845396
16,019,970502,1,1500000US160199705021,160199705021,1,BG,1272094,9255
16,067,970400,3,1500000US160679704003,160679704003,3,BG,6196273,0
16,041,970100,4,1500000US160419701004,160419701004,4,BG,185462901,872146
16,053,970400,2,1500000US160539704002,160539704002,2,BG,1028943,0
16,019,970800,2,1500000US160199708002,160199708002,2,BG,281180,6492
16,001,010402,2,1500000US160010104022,160010104022,2,BG,6003293,6318
16,001,000202,1,1500000US160010002021,160010002021,1,BG,18112011,32891
16,001,002410,1,1500000US160010024101,160010024101,1,BG,1276529,72419
16,001,010313,1,1500000US160010103131,160010103131,1,BG,34063970,118486
16,001,000600,4,1500000US160010006004,160010006004,4,BG,295444,0
16,001,000900,1,1500000US160010009001,160010009001,1,BG,964016,40408
16,001,001700,3,1500000US160010017003,160010017003,3,BG,644792,0
16,031,950300,4,1500000US160319503004,160319503004,4,BG,981952,0
16,001,002413,2,1500000US160010024132,160010024132,2,BG,2313745,18653
16,001,010201,3,1500000US160010102013,160010102013,3,BG,20593713,605781
16,057,005600,2,1500000US160570056002,160570056002,2,BG,130015676,150504
16,057,005200,5,1500000US160570052005,160570052005,5,BG,6181687,9684
16,057,005300,3,1500000US160570053003,160570053003,3,BG,357408,0
16,057,005500,4,1500000US160570055004,160570055004,4,BG,135190308,255727
16,055,000602,3,1500000US160550006023,160550006023,3,BG,1413736,84557
16,005,001102,2,1500000US160050011022,160050011022,2,BG,4291329,0
16,001,001202,3,1500000US160010012023,160010012023,3,BG,1504881,758
16,005,001200,3,1500000US160050012003,160050012003,3,BG,1559033,16615
16,077,960200,1,1500000US160779602001,160779602001,1,BG,243016724,45377080
16,005,000200,1,1500000US160050002001,160050002001,1,BG,192889326,151966
16,005,000500,1,1500000US160050005001,160050005001,1,BG,23058142,33293
16,005,000800,1,1500000US160050008001,160050008001,1,BG,3812652,919
16,001,002412,1,1500000US160010024121,160010024121,1,BG,5844109,569361
16,027,021500,5,1500000US160270215005,160270215005,5,BG,779848,0
16,027,022300,1,1500000US160270223001,160270223001,1,BG,53649157,1707362
16,027,020602,1,1500000US160270206021,160270206021,1,BG,1309593,4819
16,027,022100,2,1500000US160270221002,160270221002,2,BG,76959078,518498
16,073,950101,3,1500000US160739501013,160739501013,3,BG,1900985,228526
16,011,950200,1,1500000US160119502001,160119502001,1,BG,1179718621,590433
16,069,960500,3,1500000US160699605003,160699605003,3,BG,1375047,0
16,069,960800,2,1500000US160699608002,160699608002,2,BG,4005010,0
16,011,950700,2,1500000US160119507002,160119507002,2,BG,45776342,2068313
16,049,940000,3,1500000US160499400003,160499400003,3,BG,31107018,489619
16,045,960200,3,1500000US160459602003,160459602003,3,BG,2232639,230083
16,027,021901,2,1500000US160270219012,160270219012,2,BG,8121517,134737
16,027,022400,1,1500000US160270224001,160270224001,1,BG,63963532,2429264
16,027,020901,3,1500000US160270209013,160270209013,3,BG,5162236,48786
16,055,000302,2,1500000US160550003022,160550003022,2,BG,11586140,0
16,017,950900,2,1500000US160179509002,160179509002,2,BG,16255730,6040159
16,001,010335,1,1500000US160010103351,160010103351,1,BG,41632359,322282
16,087,970300,1,1500000US160879703001,160879703001,1,BG,841443238,16783617
16,009,940000,1,1500000US160099400001,160099400001,1,BG,371540686,0
16,019,970700,1,1500000US160199707001,160199707001,1,BG,617780,0
16,001,010401,3,1500000US160010104013,160010104013,3,BG,4291030,5014
16,051,960200,2,1500000US160519602002,160519602002,2,BG,60569648,3549613
16,063,950100,2,1500000US160639501002,160639501002,2,BG,649871069,2942482
16,019,970603,1,1500000US160199706031,160199706031,1,BG,2506586,9859
16,051,960100,1,1500000US160519601001,160519601001,1,BG,277530289,5580084
16,055,000100,1,1500000US160550001001,160550001001,1,BG,133739653,7673569
16,065,950200,2,1500000US160659502002,160659502002,2,BG,837236,0
16,001,002413,3,1500000US160010024133,160010024133,3,BG,868003,0
16,001,001202,2,1500000US160010012022,160010012022,2,BG,1127890,373
16,051,960400,1,1500000US160519604001,160519604001,1,BG,56821604,1677028
16,053,970300,2,1500000US160539703002,160539703002,2,BG,551805,0
16,007,950100,3,1500000US160079501003,160079501003,3,BG,412354006,842671
16,029,960100,4,1500000US160299601004,160299601004,4,BG,351645662,1429184
16,027,020602,2,1500000US160270206022,160270206022,2,BG,622077,5158
16,079,960200,3,1500000US160799602003,160799602003,3,BG,4668196,0
16,083,000600,1,1500000US160830006001,160830006001,1,BG,61521453,644384
16,005,000200,3,1500000US160050002003,160050002003,3,BG,53051626,232699
16,023,970100,3,1500000US160239701003,160239701003,3,BG,489533203,351806
16,027,021300,1,1500000US160270213001,160270213001,1,BG,1347959,25401
16,047,960100,3,1500000US160479601003,160479601003,3,BG,183781557,1127621
16,019,970602,2,1500000US160199706022,160199706022,2,BG,1506796,10842
16,027,022300,2,1500000US160270223002,160270223002,2,BG,129085982,8633482
16,009,940000,2,1500000US160099400002,160099400002,2,BG,4451894,0
16,075,960100,2,1500000US160759601002,160759601002,2,BG,3323744,538498
16,019,970401,1,1500000US160199704011,160199704011,1,BG,12250894,386652
16,031,950300,1,1500000US160319503001,160319503001,1,BG,43368448,721817
16,079,960400,2,1500000US160799604002,160799604002,2,BG,11614110,0
16,057,005100,2,1500000US160570051002,160570051002,2,BG,36260024,13361
16,045,960300,5,1500000US160459603005,160459603005,5,BG,12912752,340366
16,051,960300,1,1500000US160519603001,160519603001,1,BG,3725402,181420
16,019,971100,1,1500000US160199711001,160199711001,1,BG,595289,0
16,019,971500,2,1500000US160199715002,160199715002,2,BG,385410510,13492
16,001,000302,2,1500000US160010003022,160010003022,2,BG,1188775,7387
16,001,001000,3,1500000US160010010003,160010010003,3,BG,1094806,249
16,083,001500,1,1500000US160830015001,160830015001,1,BG,563542744,840858
16,053,970100,1,1500000US160539701001,160539701001,1,BG,735589517,5842453
16,065,950100,4,1500000US160659501004,160659501004,4,BG,1290568,0
16,001,002000,4,1500000US160010020004,160010020004,4,BG,341481,0
16,001,002413,1,1500000US160010024131,160010024131,1,BG,1117342,218
16,043,970100,2,1500000US160439701002,160439701002,2,BG,147662014,688923
16,005,001000,3,1500000US160050010003,160050010003,3,BG,357025,0
16,005,981800,1,1500000US160059818001,160059818001,1,BG,267908407,66768
16,027,021600,1,1500000US160270216001,160270216001,1,BG,2413907,0
16,027,020700,1,1500000US160270207001,160270207001,1,BG,13371682,28549
16,029,960200,2,1500000US160299602002,160299602002,2,BG,445739775,2381214
16,055,000302,3,1500000US160550003023,160550003023,3,BG,15377288,0
16,027,020601,1,1500000US160270206011,160270206011,1,BG,2581472,32303
16,019,970300,1,1500000US160199703001,160199703001,1,BG,37045168,593843
16,039,960400,1,1500000US160399604001,160399604001,1,BG,219605548,3836890
16,053,970200,3,1500000US160539702003,160539702003,3,BG,131787285,1138122
16,011,950400,1,1500000US160119504001,160119504001,1,BG,80395782,1020101
16,079,960300,3,1500000US160799603003,160799603003,3,BG,103115994,197255
16,079,960400,5,1500000US160799604005,160799604005,5,BG,81983441,101352
16,083,001500,2,1500000US160830015002,160830015002,2,BG,1567705397,2037316
16,083,000500,2,1500000US160830005002,160830005002,2,BG,82261863,1111744
16,049,940000,2,1500000US160499400002,160499400002,2,BG,61025000,673393
16,027,021800,3,1500000US160270218003,160270218003,3,BG,27519513,10840559
16,083,000500,4,1500000US160830005004,160830005004,4,BG,992884,0
16,009,940000,5,1500000US160099400005,160099400005,5,BG,238802622,4582039
16,007,950100,1,1500000US160079501001,160079501001,1,BG,30574603,678699
16,001,000202,2,1500000US160010002022,160010002022,2,BG,11111397,10766
16,011,950400,2,1500000US160119504002,160119504002,2,BG,3004812,0
16,041,970200,4,1500000US160419702004,160419702004,4,BG,301418847,123045
16,047,960100,2,1500000US160479601002,160479601002,2,BG,128538207,741911
16,027,021800,1,1500000US160270218001,160270218001,1,BG,54853112,806915
16,027,021002,1,1500000US160270210021,160270210021,1,BG,13309117,54940
16,001,010333,3,1500000US160010103333,160010103333,3,BG,1239786,5823
16,035,940000,4,1500000US160359400004,160359400004,4,BG,626061,9744
16,017,950200,1,1500000US160179502001,160179502001,1,BG,171192156,234155
16,065,950100,2,1500000US160659501002,160659501002,2,BG,33645230,175536
16,063,950100,3,1500000US160639501003,160639501003,3,BG,233146262,648044
16,033,950100,1,1500000US160339501001,160339501001,1,BG,4569250963,2476814
16,059,970200,3,1500000US160599702003,160599702003,3,BG,518308752,60090
16,001,010313,3,1500000US160010103133,160010103133,3,BG,20282465,38812
16,057,005500,3,1500000US160570055003,160570055003,3,BG,18435442,54328
16,087,970200,4,1500000US160879702004,160879702004,4,BG,315860108,6862842
16,057,005400,1,1500000US160570054001,160570054001,1,BG,3294729,0
16,017,950200,3,1500000US160179502003,160179502003,3,BG,141651827,31741675
16,055,000200,1,1500000US160550002001,160550002001,1,BG,49416907,0
16,017,950400,4,1500000US160179504004,160179504004,4,BG,86690247,5341134
16,027,021500,3,1500000US160270215003,160270215003,3,BG,517470,0
16,073,950102,1,1500000US160739501021,160739501021,1,BG,9164448,712101
16,005,000600,1,1500000US160050006001,160050006001,1,BG,13906706,213322
16,001,000304,1,1500000US160010003041,160010003041,1,BG,1548602,3396
16,011,950300,5,1500000US160119503005,160119503005,5,BG,53949506,17774246
16,051,960400,2,1500000US160519604002,160519604002,2,BG,39935806,1438599
16,011,950200,2,1500000US160119502002,160119502002,2,BG,30463182,398366
16,083,001300,4,1500000US160830013004,160830013004,4,BG,5177046,0
16,069,960700,1,1500000US160699607001,160699607001,1,BG,753316247,8418267
16,031,950600,1,1500000US160319506001,160319506001,1,BG,408627798,2099173
16,021,970200,5,1500000US160219702005,160219702005,5,BG,458575845,2275726
16,087,970300,2,1500000US160879703002,160879703002,2,BG,10560393,1232731
16,067,970200,3,1500000US160679702003,160679702003,3,BG,10169185,245759
16,019,970402,1,1500000US160199704021,160199704021,1,BG,22481935,0
16,019,970503,1,1500000US160199705031,160199705031,1,BG,26407452,38889
16,013,960100,4,1500000US160139601004,160139601004,4,BG,870094,0
16,047,960200,3,1500000US160479602003,160479602003,3,BG,79928133,63204
16,073,950102,2,1500000US160739501022,160739501022,2,BG,123784780,2132768
16,005,001102,3,1500000US160050011023,160050011023,3,BG,644543,0
16,001,010224,1,1500000US160010102241,160010102241,1,BG,4757475,23072
16,081,960100,4,1500000US160819601004,160819601004,4,BG,233112416,646094
16,055,000401,1,1500000US160550004011,160550004011,1,BG,22881763,203904
16,021,970200,4,1500000US160219702004,160219702004,4,BG,50363102,0
16,055,001800,4,1500000US160550018004,160550018004,4,BG,1119457,0
